Chromosome	Position	A1	A2	A3	A4	A5	A6	A7	A8	A9	A11	A12	A13	A14	A15	A16	A18	A19	A20	A21	A22	A23	A24	A25	A26	A27	A28	A29	A30	A31	A32	A33	A34	A35	A36	notes
I	69734	.	.	.	.	.	.	.	.	.	.	.	.	.	.	.	.	.	.	.	.	.	.	.	.	.	.	.	.	.	.	.	.	.	g.69735delG	SSR
I	85313	.	.	.	.	.	.	.	.	.	g.85313G>C	.	.	.	.	.	.	.	.	.	.	.	.	.	.	.	.	.	.	.	.	.	.	.	.	SNM
I	192291	.	.	.	.	.	.	.	.	g.192292_192294delTAC	.	.	.	.	.	.	.	.	.	.	.	.	.	.	.	.	.	.	.	.	.	.	.	.	.	Del TAC at the left boundary of an ACT repeat
II	72395	.	.	.	.	.	.	.	.	.	.	.	.	.	.	.	.	.	.	.	.	.	.	.	.	g.72395_72396insCAA	.	.	.	.	.	.	.	.	.	SSR
II	138274	.	g.138275_138276delTT	.	.	.	.	.	.	.	.	.	.	.	.	.	.	.	.	.	.	.	.	.	.	.	.	.	.	.	.	.	.	.	.	SSR
II	420372	.	.	.	.	.	.	.	.	.	.	.	.	.	.	.	.	.	.	.	.	.	.	.	.	g.420372_420373insGTA	.	.	.	.	.	.	.	.	.	SSR
II	504355	.	.	.	.	.	.	.	.	.	.	.	.	.	.	.	.	.	.	.	.	.	.	.	.	.	.	.	g.504356_504357delCA	.	.	.	.	.	.	SSR
II	627701	.	.	.	.	.	.	.	.	.	.	.	.	.	.	.	.	.	.	.	.	.	.	.	.	.	.	g.627701T>C	.	.	.	.	.	.	.	SNM
II	691445	.	.	.	.	.	.	.	.	.	.	.	.	.	.	.	g.691445C>T	.	.	.	.	.	.	.	.	.	.	.	.	.	.	.	.	.	.	SNM
II	721265	.	.	.	.	g.721266delA	.	.	.	.	.	.	.	.	.	.	.	.	.	.	.	g.721266delA	.	.	.	.	.	.	.	.	.	.	.	.	.	SSR
II	784713	.	.	.	.	.	.	.	.	.	.	.	.	.	.	.	.	.	.	.	.	.	.	g.784714delT	.	.	.	.	.	.	.	.	.	.	.	SSR
III	234893	.	.	.	.	.	.	.	.	.	.	.	.	.	.	.	.	.	.	.	g.234894_234896delAAG	.	.	.	.	.	.	.	.	.	.	.	.	.	.	SSR
III	271474	.	.	.	.	.	.	.	.	.	.	.	.	.	.	.	.	.	.	g.271475_271477delTCA	.	.	.	.	.	.	.	.	.	.	.	.	.	.	.	SSR
IV	33328	g.33329_33330delAT	g.33329_33330delAT	.	.	.	.	.	.	.	.	.	.	.	.	.	.	.	.	.	.	.	.	.	.	.	.	.	.	.	.	.	.	.	.	SSR
IV	181921	.	.	.	.	.	.	.	.	.	.	.	.	.	.	.	.	.	.	g.181922_181924delTCT	.	.	.	.	.	.	.	.	.	.	.	.	.	.	.	SSR
IV	303010	.	.	.	.	.	.	.	.	.	.	.	.	.	.	g.303011delT	.	.	.	.	.	.	.	.	.	.	.	.	.	.	.	.	.	.	.	SSR
IV	370968	.	.	.	.	.	.	.	.	.	.	.	.	.	.	.	.	.	.	.	.	.	.	.	.	.	.	g.370968_370969insTA	.	.	.	.	.	.	.	SSR
IV	864867	.	.	.	.	.	.	g.864868_864869delAT	.	.	.	.	.	.	.	.	.	.	.	.	.	.	.	.	.	.	.	.	.	.	.	.	.	.	.	SSR
IV	1002291	.	.	.	.	.	.	.	.	.	.	.	g.1002292delT	.	.	.	.	.	.	.	.	.	.	.	.	.	.	.	.	.	.	.	.	.	.	SSR
IV	1241756	.	.	.	.	.	.	.	.	.	.	.	.	.	.	.	.	.	.	.	.	.	.	.	.	.	.	.	.	.	.	.	.	g.1241756G>A	.	SNM
IV	1279164	.	.	.	.	.	.	.	.	.	.	.	.	.	.	.	.	.	.	.	.	.	.	.	g.1279164_1279165insAC	.	.	.	.	.	.	.	.	.	.	SSR
IV	1330496	.	.	.	.	.	.	.	.	.	.	.	.	.	.	.	.	.	.	.	.	.	.	.	.	.	.	g.1330496G>C	.	.	.	.	.	.	.	SNM
V	83155	.	.	.	.	.	.	.	.	.	g.83156_83161delTGTTGC	.	.	.	.	.	.	.	.	.	.	.	.	.	.	.	.	.	.	.	.	.	.	.	.	SSR
V	142941	.	.	.	.	.	.	.	.	g.142942_142944delAAT	.	.	.	.	.	.	.	.	.	.	.	.	.	.	.	.	.	.	.	.	.	.	.	.	.	SSR
V	225782	.	.	.	.	.	.	.	.	.	.	.	.	.	.	.	.	.	.	.	.	.	.	.	g.225783_225784delTA	.	.	.	.	.	.	.	.	.	.	SSR
V	276015	.	g.276015C>T	.	.	.	.	.	.	.	.	.	.	.	.	.	.	.	.	.	.	.	.	.	.	.	.	.	.	.	.	.	.	.	.	Weird mix of reads supporting 2 genotypes; for strains A1-A11 the whole region is full of these mixed positions
V	284428	.	.	.	.	.	.	.	.	.	.	.	g.284429_284430delGT	.	g.284429_284430delGT	.	.	.	.	.	.	.	.	.	.	.	.	.	.	.	.	.	.	.	.	SSR
V	342288	.	.	.	.	.	.	.	.	.	.	.	.	.	.	.	.	.	.	.	.	.	g.342288G>C	.	.	.	.	.	.	.	.	.	.	.	.	SNM
V	437507	.	.	.	.	.	.	.	.	.	.	.	.	.	.	.	.	.	.	.	.	.	.	.	g.437508delG	.	.	.	.	.	.	.	.	.	.	SSR
VI	186224	.	.	.	.	.	.	.	.	.	.	.	.	.	.	.	.	.	.	.	.	.	.	.	.	.	.	.	g.186225_186227delATA	.	.	.	.	.	.	SSR
VI	229520	.	.	.	.	.	.	.	.	.	.	g.229521_229526delGATTCA	.	.	.	.	.	.	.	.	.	.	.	.	.	.	.	.	.	.	.	.	.	.	.	SSR
VII	375303	.	.	.	.	.	.	.	.	.	.	.	.	.	.	g.375303A>G	.	.	.	.	.	.	.	.	.	.	.	.	.	.	.	.	.	.	.	SNM
VII	444220	.	.	.	.	.	.	.	.	.	.	.	.	.	.	.	g.444220C>T	.	.	.	.	.	.	.	.	.	.	.	.	.	.	.	.	.	.	SNM
VII	685707	.	.	.	.	.	g.685707T>G	.	.	.	.	.	.	.	.	.	.	.	.	.	.	.	.	.	.	.	.	.	.	.	.	.	.	.	.	SNM
VII	707064	.	.	.	.	.	.	.	.	.	.	.	.	g.707065delA	.	.	.	.	.	.	.	.	.	.	.	.	.	.	.	.	.	.	.	.	.	SSR
VII	808386	.	.	.	.	.	.	.	.	.	.	.	.	.	.	.	.	.	.	.	.	.	.	.	.	.	.	.	.	.	.	.	.	.	g.808387_808388delTA	SSR
VII	837718	.	.	.	.	.	.	.	.	.	.	.	.	.	.	.	.	.	.	.	.	.	.	.	.	g.837718A>T	.	.	.	.	.	.	.	.	.	SNM
VII	977899	.	.	.	.	.	.	.	.	.	.	.	.	.	.	.	.	.	.	.	.	.	.	.	.	.	.	.	.	.	.	.	.	g.977900delA	.	SSR
VII	1004507	.	.	.	.	.	.	.	.	.	.	.	.	.	.	.	.	.	.	.	.	.	.	.	.	.	.	g.1004508_1004509delAT	.	.	.	.	.	.	.	SSR
VIII	38113	.	.	.	.	.	.	.	.	.	.	.	.	.	.	.	.	g.38113G>A	.	.	.	.	.	.	.	.	.	.	.	.	.	.	.	.	.	SNM (substitution 2 bases upstream of a T homopolymer)
VIII	48215	.	.	.	.	.	.	g.48215_48216insCAA	.	.	.	.	.	.	.	.	.	.	.	.	.	.	.	.	.	.	.	.	.	.	.	.	.	.	.	SSR
VIII	58394	.	.	.	.	.	.	.	.	.	.	.	.	.	.	.	.	.	.	.	.	g.58394_58396AAC>AACAAC	.	.	.	.	.	.	.	.	.	.	.	.	.	SSR
VIII	75448	.	.	.	.	.	.	.	.	.	.	.	.	.	.	.	.	.	.	.	.	.	g.75448_75449insAAC	.	.	.	.	.	.	.	.	.	.	.	.	SSR
VIII	115390	.	.	.	.	.	.	.	.	.	.	.	.	.	.	.	.	.	.	.	.	g.115391delT	.	.	.	.	.	.	.	.	.	.	.	.	.	SSR
VIII	341084	.	.	.	.	.	.	.	.	.	.	.	.	.	.	.	.	.	.	.	.	.	.	.	.	g.341084_341085insGCA	.	.	.	.	.	.	.	.	.	SSR
VIII	361910	.	.	.	.	.	.	.	.	.	.	.	.	.	.	.	.	.	.	.	.	.	.	.	.	.	g.361911delT	.	.	.	.	.	.	.	.	SSR
VIII	493002	.	.	.	.	.	.	.	.	.	.	.	.	.	.	.	.	.	.	.	.	.	g.493002G>A	.	.	.	.	.	.	.	.	.	.	.	.	Looks like substitution, but G>A in the middle of an AAG repeat
IX	105349	.	.	.	.	.	.	.	.	.	.	.	g.105349_105350insAAT	.	.	.	.	.	.	.	.	.	.	.	.	.	.	.	.	.	.	.	.	.	.	SSR
IX	105767	.	.	.	.	.	.	g.105767_105768insATA	.	.	.	.	.	.	.	.	.	.	.	.	.	.	.	.	.	.	.	.	.	.	.	.	.	.	.	SSR
X	89461	.	.	.	g.89461T>C	.	.	.	.	.	.	.	.	.	.	.	.	.	.	.	.	.	.	.	.	.	.	.	.	.	.	.	.	.	.	SNM
X	152950	.	.	.	.	.	.	.	.	.	.	.	.	.	.	.	.	.	.	.	.	g.152950C>T	.	.	.	.	.	.	.	.	.	.	.	.	.	SNM
X	173515	.	.	.	.	.	.	.	.	.	.	.	.	.	.	.	.	.	.	g.173516delA	.	.	.	.	.	.	.	.	.	.	.	.	.	.	.	SSR
X	426649	.	.	.	.	.	.	.	.	.	.	.	.	.	.	.	.	.	.	.	g.426649C>T	.	.	.	.	.	.	.	.	.	.	.	.	.	.	SNM
X	436489	.	.	.	.	.	.	.	.	.	.	.	.	.	.	g.436490delT	.	.	.	.	.	.	.	.	.	.	.	.	.	.	.	.	.	.	.	SSR
X	519255	.	.	.	.	.	.	.	.	.	.	.	.	.	.	.	.	.	.	.	.	.	.	.	.	g.519255_519274GT>	.	.	.	.	.	.	.	.	.	SSR
X	641723	.	.	.	.	.	.	.	.	.	.	.	.	.	.	.	.	.	.	.	.	.	.	.	.	.	g.641723_641724insTACA	.	.	.	.	.	.	.	.	SSR
XI	42335	.	.	.	.	.	.	.	.	.	.	.	.	.	.	.	.	.	.	g.42336_42338delTTA	.	.	.	.	.	.	.	.	.	.	.	.	.	.	.	SSR
XI	146182	.	g.146183delT	.	.	.	.	.	.	.	.	.	.	.	.	.	.	.	.	.	.	.	.	.	.	.	.	.	.	.	.	.	.	.	.	SSR
XI	172598	.	.	.	.	.	.	.	.	.	.	.	.	.	.	.	.	.	.	.	.	.	.	.	.	.	.	.	.	g.172599_172601delCCA	.	.	.	.	.	SSR (imperfect?)
XI	511944	.	.	g.511944T>A	.	.	.	.	.	.	.	.	.	.	.	.	.	.	.	.	.	.	.	.	.	.	.	.	.	.	.	.	.	.	.	SSR
XI	511946	.	.	g.511946A>T	.	.	.	.	.	.	.	.	.	.	.	.	.	.	.	.	.	.	.	.	.	.	.	.	.	.	.	.	.	.	.	SSR (imperfect)
XII	132234	.	.	.	.	.	.	.	.	.	.	.	.	.	.	.	g.132234_132235insAGA	.	.	.	.	.	.	.	.	.	.	.	.	.	.	.	.	.	.	SSR
XII	278338	.	.	.	.	.	.	.	.	.	.	.	.	.	.	.	.	.	.	.	.	.	.	.	.	.	.	.	.	.	.	g.278338T>G	.	.	.	SNM
XII	339676	.	.	.	.	.	.	.	g.339676_339678TATA>TATATA	.	.	.	.	.	.	.	.	.	.	.	.	.	.	.	.	.	.	.	.	.	.	.	.	.	.	SSR
XII	490487	.	.	.	.	.	.	.	.	.	.	.	.	.	g.490487T>C	g.490487T>C	.	.	.	.	.	.	.	.	.	.	.	.	.	.	.	.	.	.	.	SSR (looks like substitution T>C at left boundary of a C homopolymer)
XII	514965	.	.	.	.	.	.	.	.	.	.	.	.	.	.	.	.	.	.	.	.	.	.	.	g.514966delT	.	.	.	.	.	.	.	.	.	.	SSR
XII	734923	.	.	.	.	.	.	.	.	.	.	.	.	.	.	.	.	.	.	.	.	.	g.734923_734925T>	.	.	.	.	.	.	.	.	.	.	.	.	SSR
XII	734928	.	.	.	.	.	.	.	.	.	.	.	.	.	.	.	.	.	.	.	.	.	g.734928_734929insC	.	.	.	.	.	.	.	.	.	.	.	.	C insertion in the middle of a T homopolymer
XII	757472	.	.	.	.	.	.	.	g.757472_757483AG>	.	.	.	.	.	.	.	.	.	.	.	.	.	.	.	.	.	.	.	.	.	.	.	.	.	.	SSR
XII	927202	.	.	.	.	.	.	.	.	.	.	.	.	.	.	.	.	.	.	.	g.927202_927203insGATGAC	.	.	.	.	.	.	.	.	.	.	.	.	.	.	SSR
XII	950840	.	.	.	.	.	.	.	.	.	.	.	.	.	.	.	.	.	.	.	.	.	.	.	.	.	.	.	.	.	.	g.950841delA	.	.	.	SSR
XIII	108637	.	.	.	.	.	.	.	.	.	.	.	.	.	.	.	.	.	.	.	.	.	.	.	.	.	.	.	.	g.108638delA	.	.	.	.	.	SSR
XIII	159852	.	.	.	.	.	.	.	.	.	.	.	.	.	.	.	.	.	.	.	.	.	.	.	.	.	.	.	.	.	g.159853_159854delAT	.	.	.	.	SSR
XIII	175912	.	.	.	.	.	.	.	.	.	.	.	.	.	.	.	.	.	.	.	.	.	g.175912_175914TCTTCTTCTTCT>TCTTCTTCTTCTTCT	.	.	.	.	.	.	.	.	.	.	.	.	SSR
XIII	238330	.	.	.	.	.	.	.	.	.	.	.	.	g.238330_238331insATA	.	.	.	.	.	.	.	.	.	.	.	.	.	.	.	.	.	.	.	.	.	SSR
XIII	239353	.	.	.	.	.	.	g.239354_239355delAT	.	.	.	.	.	.	.	.	.	.	.	.	.	.	.	.	.	.	.	.	.	.	.	.	.	.	.	SSR
XIII	306778	g.306779delC	.	.	.	.	.	.	.	.	.	.	.	.	.	.	.	.	.	.	.	.	.	.	.	.	.	.	.	.	.	.	.	.	.	SSR
XIII	321328	.	.	.	.	.	.	.	.	.	.	.	.	.	.	.	.	.	.	.	.	.	.	.	.	.	g.321328_321329insAT	.	.	.	.	.	.	.	.	SSR
XIII	424855	.	.	.	.	.	.	.	.	.	.	.	.	.	.	.	.	.	.	.	.	.	.	.	.	.	.	.	g.424856delA	.	.	.	.	.	.	SSR (del of A at the left boundary of a T homopolymer); really, this A is replaced with a T in ancestor, so this is a homopolymer T deletion
XIII	424856	.	.	.	.	.	.	.	.	.	.	.	.	.	.	.	.	.	.	.	.	.	.	.	.	.	.	.	g.424855_424857T>A	.	.	.	.	.	.	SSR (Same as above)
XIII	514628	.	.	.	.	.	.	.	.	.	.	.	.	.	.	.	.	.	.	g.514629_514631delGCA	.	.	.	.	.	.	.	.	.	.	.	.	.	.	.	SSR
XIII	688681	.	.	.	.	.	.	.	.	.	.	.	.	.	.	.	.	.	.	.	.	g.688682delG	.	.	.	.	.	.	.	.	.	.	.	.	.	SSR
XIII	718367	.	.	.	.	.	.	.	.	.	.	.	.	.	.	.	.	.	.	.	.	.	.	.	.	.	.	.	.	.	.	.	g.718368delT	.	.	SSR
XIII	765535	.	.	.	.	.	.	.	.	g.765535A>G	.	.	.	.	.	.	.	.	.	.	.	.	.	.	.	.	.	.	.	.	.	.	.	.	.	SNM
XIII	851981	.	.	.	.	.	.	g.851981T>G	.	.	.	.	.	.	.	.	.	.	.	.	.	.	.	.	.	.	.	.	.	.	.	.	.	.	.	SNM
XIII	882344	.	.	.	.	.	.	.	.	.	.	.	.	.	.	.	.	.	.	.	g.882344G>A	.	.	.	.	.	.	.	.	.	.	.	.	.	.	SNM
XIV	110818	.	.	.	.	.	.	.	.	.	g.110819_110820delTA	.	.	.	.	.	.	.	.	.	.	.	.	.	.	.	.	.	.	.	.	.	.	.	.	SSR
XIV	213035	.	.	.	g.213036delA	.	.	.	.	.	.	.	.	.	.	.	.	.	.	.	.	.	.	.	.	.	.	.	.	.	.	.	.	.	.	SSR
XIV	575614	.	.	.	.	.	.	.	.	.	.	.	.	.	.	.	.	g.575615delA	.	.	.	.	.	.	.	.	.	.	.	.	.	.	.	.	.	SSR
XIV	638915	.	.	.	.	.	.	.	.	.	.	.	.	.	.	.	.	.	.	.	.	.	.	.	.	.	.	.	.	.	.	.	g.638915_638916insAT	.	.	SSR
XIV	647314	.	.	.	.	.	.	.	.	.	.	.	.	.	.	.	.	.	.	.	.	.	g.647315delT	.	.	.	.	.	.	.	.	.	.	.	.	SSR
XIV	709401	.	.	.	.	.	.	.	.	.	.	.	.	.	.	.	.	g.709401G>T	.	.	.	.	.	.	.	.	.	.	.	.	.	.	.	.	.	SNM
XV	63056	.	.	.	.	.	.	.	.	.	.	.	.	.	.	.	.	.	.	.	.	.	.	.	.	.	.	.	.	.	.	.	.	g.63057_63059delTCA	.	SSR
XV	235377	.	.	.	.	.	.	.	.	.	.	.	.	.	.	.	.	.	.	.	.	.	.	.	.	.	.	.	.	.	.	.	.	g.235377_235378insCAACAA	.	SSR
XV	345762	.	.	.	.	.	.	.	.	.	g.345762C>T	.	.	.	.	.	.	.	.	.	.	.	.	.	.	.	.	.	.	.	.	.	.	.	.	SNM (mixed bases)
XV	346243	.	.	.	.	.	.	g.346243G>A	.	.	.	.	.	.	.	.	.	.	.	.	.	.	.	.	.	.	.	.	.	.	.	.	.	.	.	SNM (weird mix)
XV	379356	.	.	.	.	.	.	.	.	.	.	.	.	.	.	.	.	.	.	.	.	.	.	.	.	g.379357delC	.	.	.	.	.	.	.	.	.	SSR
XV	489673	.	.	.	.	.	.	.	.	.	.	.	.	.	.	.	.	.	.	.	.	.	.	.	.	.	.	.	.	.	.	.	.	g.489673A>T	.	SNM (last base of a stretch of 4 As, but seems genuine
XV	813962	.	.	.	.	.	.	.	.	.	.	.	.	.	.	.	.	.	.	.	.	.	.	.	.	.	.	.	.	.	g.813963delC	.	.	.	.	SSR
XV	837581	.	.	.	.	.	.	.	.	.	.	.	.	.	.	.	.	.	g.837581G>C	.	.	.	.	.	.	.	.	.	.	.	.	.	.	.	.	SNM (2 positions to the left boundary of an A homopolymer)
XV	967942	.	.	.	.	.	.	g.967943delT	.	.	.	.	.	.	.	.	.	.	.	.	.	.	.	.	.	.	.	.	.	.	.	.	.	.	.	SSR
XV	1006272	.	.	.	.	.	.	.	.	g.1006272A>C	.	.	.	.	.	.	.	.	.	.	.	.	.	.	.	.	.	.	.	.	.	.	.	.	.	SNM
XVI	76565	g.76566delA	.	.	.	.	.	.	.	.	.	.	.	.	.	.	.	.	.	.	.	.	.	.	.	.	.	.	.	.	.	.	.	.	.	SSR
XVI	365508	.	.	.	.	g.365508A>G	.	.	.	.	.	.	.	.	.	.	.	.	.	.	.	.	.	.	.	.	.	.	.	.	.	.	.	.	.	SNM
XVI	398024	.	.	.	.	.	.	.	.	.	.	.	g.398024_398025insTTC	.	.	.	.	.	.	.	.	.	.	.	.	.	.	.	.	.	.	.	.	.	.	SSR
XVI	446488	.	.	.	.	.	.	.	.	.	.	.	.	.	.	.	.	.	.	.	.	g.446489_446491delAGA	.	.	.	.	.	.	.	.	.	.	.	.	.	SSR
XVI	483231	.	.	.	.	.	.	.	.	g.483231G>T	.	.	.	.	.	.	.	.	.	.	.	.	.	.	.	.	.	.	.	.	.	.	.	.	.	SNM
XVI	485926	.	.	.	.	.	.	.	.	.	.	.	.	.	.	.	.	.	.	.	.	.	.	.	.	.	.	.	.	g.485927_485930delCACA	.	.	.	.	.	SSR
XVI	522054	.	.	.	.	.	.	.	.	.	.	.	.	.	.	.	.	.	.	.	.	.	.	.	.	.	.	.	.	.	.	g.522054_522055insCAG	.	.	.	SSR
XVI	589896	.	.	.	.	.	.	.	.	.	.	g.589897_589898delTT	.	.	.	.	.	.	.	.	.	.	.	.	.	.	.	.	.	.	.	.	.	.	.	SSR
XVI	897094	.	.	.	.	.	.	.	.	.	.	.	.	.	.	.	.	.	.	.	.	.	.	.	.	.	.	.	.	g.897094_897095insAAT	.	.	.	.	.	SSR
XVI	901576	.	.	g.901577delA	.	.	.	.	.	.	.	.	.	.	.	.	.	.	.	.	.	.	.	.	.	.	.	.	.	.	.	.	.	.	.	SSR
XVI	901903	.	.	g.901904delC	.	.	.	.	.	.	.	.	.	.	.	.	.	.	.	.	.	.	.	.	.	.	.	.	.	.	.	.	.	.	.	SSR
